-- phpMyAdmin SQL Dump
-- version 5.1.0
-- https://www.phpmyadmin.net/
--
-- Хост: 127.0.0.1
-- Время создания: Май 19 2021 г., 23:54
-- Версия сервера: 10.4.18-MariaDB
-- Версия PHP: 8.0.3

SET SQL_MODE = "NO_AUTO_VALUE_ON_ZERO";
START TRANSACTION;
SET time_zone = "+00:00";


/*!40101 SET @OLD_CHARACTER_SET_CLIENT=@@CHARACTER_SET_CLIENT */;
/*!40101 SET @OLD_CHARACTER_SET_RESULTS=@@CHARACTER_SET_RESULTS */;
/*!40101 SET @OLD_COLLATION_CONNECTION=@@COLLATION_CONNECTION */;
/*!40101 SET NAMES utf8mb4 */;

--
-- База данных: `library`
--
CREATE DATABASE IF NOT EXISTS `library` DEFAULT CHARACTER SET utf8mb4 COLLATE utf8mb4_general_ci;
USE `library`;

-- --------------------------------------------------------

--
-- Структура таблицы `authors`
--

DROP TABLE IF EXISTS `authors`;
CREATE TABLE IF NOT EXISTS `authors` (
  `AuthorID` int(11) NOT NULL AUTO_INCREMENT,
  `AuthorF` char(50) NOT NULL,
  `AuthorI` char(50) NOT NULL,
  `AuthorO` char(50) NOT NULL,
  PRIMARY KEY (`AuthorID`)
) ENGINE=InnoDB AUTO_INCREMENT=11 DEFAULT CHARSET=utf8mb4;

--
-- Дамп данных таблицы `authors`
--

INSERT INTO `authors` (`AuthorID`, `AuthorF`, `AuthorI`, `AuthorO`) VALUES
(1, 'Стеклов', 'Иван', 'Алексеевич'),
(2, 'Павлов', 'Сергей', 'Викторович'),
(3, 'Морозов', 'Игнат', 'Петрович'),
(4, 'Коновалов', 'Кирилл', 'Анатольевич'),
(5, 'Стаканов', 'Дмитрий', 'Владимирович'),
(6, 'Колбин', 'Сергей', 'Дмитриевич'),
(7, 'Мышин', 'Михаил', 'Афанасьевич'),
(8, 'Лампов', 'Антон', 'Иванович'),
(9, 'Вольнов', 'Александр', 'Александрович'),
(10, 'Светоч', 'Елена', 'Владимировна');

-- --------------------------------------------------------

--
-- Структура таблицы `bookstorage`
--

DROP TABLE IF EXISTS `bookstorage`;
CREATE TABLE IF NOT EXISTS `bookstorage` (
  `BookStorageID` int(11) NOT NULL AUTO_INCREMENT,
  `BookStorageName` char(50) NOT NULL,
  PRIMARY KEY (`BookStorageID`)
) ENGINE=InnoDB AUTO_INCREMENT=11 DEFAULT CHARSET=utf8mb4;

--
-- Дамп данных таблицы `bookstorage`
--

INSERT INTO `bookstorage` (`BookStorageID`, `BookStorageName`) VALUES
(1, 'Британская библиотека'),
(2, 'Библиотека Конгресса'),
(3, 'Нью-Йоркская публичная библиотека'),
(4, 'Библиотека и Архив Канады'),
(5, 'Российская государственная библиотека'),
(6, 'Российская национальная библиотека'),
(7, 'Национальная парламентская библиотека'),
(8, 'Королевская библиотека Дании'),
(9, 'Национальная библиотека Китая'),
(10, 'Национальная библиотека Франции');

-- --------------------------------------------------------

--
-- Структура таблицы `faculty`
--

DROP TABLE IF EXISTS `faculty`;
CREATE TABLE IF NOT EXISTS `faculty` (
  `FacultyID` int(11) NOT NULL AUTO_INCREMENT,
  `FacultyName` char(50) NOT NULL,
  PRIMARY KEY (`FacultyID`)
) ENGINE=InnoDB AUTO_INCREMENT=11 DEFAULT CHARSET=utf8mb4;

--
-- Дамп данных таблицы `faculty`
--

INSERT INTO `faculty` (`FacultyID`, `FacultyName`) VALUES
(1, 'Кафедра Бизнеса'),
(2, 'Кафедра Информационной безопасности'),
(3, 'Кафедра Медицинской инженерии'),
(4, 'Кафедра Гуманитариев'),
(5, 'Кафедра компьютерных систем'),
(6, 'Кафедра Машиностроения'),
(7, 'Кафедра Штучного интеллекта'),
(8, 'Кафедра Дистанционного образования'),
(9, 'Кафедра Энергетики'),
(10, 'Кафедра Спорта');

-- --------------------------------------------------------

--
-- Структура таблицы `info1`
--

DROP TABLE IF EXISTS `info1`;
CREATE TABLE IF NOT EXISTS `info1` (
  `BookID` int(11) NOT NULL AUTO_INCREMENT,
  `BookName` char(50) NOT NULL,
  `AuthorID` int(11) NOT NULL,
  `PublisherID` int(11) NOT NULL,
  `PageQuantity` int(11) NOT NULL,
  `PictureQuantity` int(11) NOT NULL,
  `Price` int(11) NOT NULL,
  `BookStorageID` int(11) NOT NULL,
  `InstanceQuantity` int(11) NOT NULL,
  `QuantityOfStudents` int(11) NOT NULL,
  `FacultyID` int(11) NOT NULL,
  `PublishYear` int(11) NOT NULL,
  PRIMARY KEY (`BookID`),
  KEY `Info1_fk0` (`AuthorID`),
  KEY `Info1_fk1` (`PublisherID`),
  KEY `Info1_fk2` (`BookStorageID`),
  KEY `Info1_fk3` (`FacultyID`)
) ENGINE=InnoDB AUTO_INCREMENT=25 DEFAULT CHARSET=utf8mb4;

--
-- Дамп данных таблицы `info1`
--

INSERT INTO `info1` (`BookID`, `BookName`, `AuthorID`, `PublisherID`, `PageQuantity`, `PictureQuantity`, `Price`, `BookStorageID`, `InstanceQuantity`, `QuantityOfStudents`, `FacultyID`, `PublishYear`) VALUES
(1, 'Сестринский уход в хирургии.', 1, 1, 345, 76, 129, 1, 17, 79, 1, 2003),
(2, 'Электроснабжение и электропотребление', 8, 8, 234, 35, 367, 8, 4, 80, 8, 2005),
(3, 'Введение в гибридные технологии', 1, 1, 80, 15, 75, 1, 8, 324, 1, 2009),
(4, 'Биотехнология в животноводстве', 2, 2, 346, 54, 57, 2, 4, 23, 2, 2009),
(5, 'Организация и проведение измерений', 2, 2, 245, 43, 900, 2, 1, 24, 2, 2015),
(6, 'Получение, выращивание, использование', 2, 2, 278, 42, 300, 2, 15, 2, 2, 2005),
(7, 'Разведение и селекция', 9, 9, 137, 32, 233, 9, 18, 133, 9, 2003),
(8, 'Лесоведение. Учебник', 8, 8, 230, 111, 231, 8, 69, 239, 8, 2005),
(9, 'Кадастровая оценка земель', 4, 4, 94, 235, 170, 4, 87, 201, 4, 1998),
(10, 'Информатика для профессий', 2, 2, 109, 237, 213, 2, 210, 9, 2, 2014),
(11, 'Технические средства автоматизации', 3, 3, 81, 153, 179, 3, 20, 194, 3, 2002),
(12, 'Промышленные типы месторождений', 5, 5, 84, 223, 209, 5, 33, 190, 5, 2014),
(13, 'Непрерывная разливка сталей. Монография', 5, 5, 99, 186, 174, 5, 54, 41, 5, 1991),
(14, 'Детали машин. Курсовое проектирование.', 3, 3, 243, 51, 7, 3, 59, 222, 3, 2006),
(15, 'Оценка надежности технологического процесса', 9, 9, 94, 199, 113, 9, 66, 224, 9, 2020),
(16, 'Технологии и оборудование', 4, 4, 154, 97, 217, 4, 279, 106, 4, 2016),
(17, 'Технология автоматизированного машиностроения.', 6, 6, 117, 175, 80, 6, 236, 142, 6, 2010),
(18, 'Трибология.', 10, 10, 250, 186, 90, 10, 191, 169, 10, 2020),
(19, 'Насосы, вентиляторы, компрессоры.', 7, 7, 215, 246, 67, 7, 144, 71, 7, 2019),
(20, 'Адаптация обучающихся', 10, 10, 128, 177, 210, 10, 51, 51, 10, 2017),
(21, 'Практикум по мелиоративному почвоведению.', 5, 5, 242, 133, 47, 5, 113, 136, 5, 2007),
(22, 'Сорные растения и меры борьбы с ними.', 6, 6, 113, 178, 211, 6, 241, 12, 5, 2003),
(23, 'Домашнее овцеводство и козоводство.', 5, 5, 178, 102, 36, 5, 28, 136, 5, 2016),
(24, 'Молочное дело. Учебное пособие', 7, 7, 64, 228, 132, 7, 81, 39, 7, 2017),
(25, 'Технические средства автоматизации', 2, 2, 247, 114, 1, 2, 170, 225, 2, 2012),
(26, 'Оценка надежности процесса', 9, 9, 242, 244, 206, 9, 146, 32, 9, 2006),
(27, 'Кадастры природных ресурсов', 2, 2, 271, 275, 193, 2, 78, 187, 2, 2009),
(28, 'История ветеринарии', 5, 5, 182, 183, 43, 5, 133, 172, 5, 2005),
(29, 'Кадастровая оценка земель', 9, 9, 175, 227, 227, 9, 22, 39, 9, 2000),
(30, 'Промышленные типы месторождений', 3, 3, 197, 79, 36, 3, 145, 204, 3, 2018),
(31, 'Информатика для профессий', 3, 3, 113, 203, 165, 3, 142, 212, 3, 2008),
(32, 'Биологические основы', 9, 9, 77, 174, 163, 9, 8, 38, 9, 2007),
(33, 'Технологии и оборудование', 4, 4, 271, 59, 29, 4, 67, 36, 4, 2014),
(34, 'Выполнение работ', 3, 3, 68, 136, 41, 3, 193, 15, 3, 2010),
(35, 'Морская ботаника', 7, 7, 85, 170, 230, 7, 121, 101, 7, 2012),
(36, 'Охотоведение', 2, 2, 173, 78, 130, 2, 124, 85, 2, 2004),
(37, 'Клиническая микробиология', 7, 7, 120, 246, 127, 7, 182, 59, 7, 2018),
(38, 'Незаразные болезни', 10, 10, 156, 103, 38, 10, 39, 119, 10, 2003),
(39, 'Изосерологические исследования', 10, 10, 71, 113, 116, 10, 140, 159, 10, 2003),
(40, 'Домашнее овцеводство', 1, 1, 257, 86, 174, 1, 137, 22, 1, 2017),
(41, 'Паразитарные болезни', 5, 5, 102, 50, 80, 5, 28, 74, 5, 2015),
(42, 'Анатомия и физиология', 3, 3, 266, 70, 162, 3, 137, 106, 3, 2008),
(43, 'Лесоведение', 6, 6, 104, 61, 53, 6, 101, 151, 6, 2015),
(44, 'Зоогеография', 5, 5, 246, 210, 108, 5, 192, 8, 5, 2018),
(45, 'Настольный теннис', 8, 8, 67, 33, 134, 8, 196, 160, 8, 2016),
(46, 'Десмургия и транспортная', 9, 9, 251, 118, 173, 9, 197, 7, 9, 2010),
(47, 'Основы реабилитации', 4, 4, 198, 180, 92, 4, 13, 156, 4, 2001),
(48, 'Лабораторная диагностика', 10, 10, 154, 67, 49, 10, 234, 96, 10, 2009),
(49, 'Профилактическая деятельность', 3, 3, 130, 71, 87, 3, 125, 21, 3, 2018);

-- --------------------------------------------------------

--
-- Структура таблицы `publisher`
--

DROP TABLE IF EXISTS `publisher`;
CREATE TABLE IF NOT EXISTS `publisher` (
  `PublisherID` int(11) NOT NULL AUTO_INCREMENT,
  `Publisher` char(50) NOT NULL,
  PRIMARY KEY (`PublisherID`)
) ENGINE=InnoDB AUTO_INCREMENT=11 DEFAULT CHARSET=utf8mb4;

--
-- Дамп данных таблицы `publisher`
--

INSERT INTO `publisher` (`PublisherID`, `Publisher`) VALUES
(1, 'Эксмо'),
(2, 'Просвещение'),
(3, 'Азбука'),
(4, 'Аттикус'),
(5, 'Классика'),
(6, 'Экзамен'),
(7, 'Укрмэн'),
(8, 'Лев'),
(9, 'Феникс'),
(10, 'Фламинго');

--
-- Ограничения внешнего ключа сохраненных таблиц
--

--
-- Ограничения внешнего ключа таблицы `info1`
--
ALTER TABLE `info1`
  ADD CONSTRAINT `Info1_fk0` FOREIGN KEY (`AuthorID`) REFERENCES `authors` (`AuthorID`),
  ADD CONSTRAINT `Info1_fk1` FOREIGN KEY (`PublisherID`) REFERENCES `publisher` (`PublisherID`),
  ADD CONSTRAINT `Info1_fk2` FOREIGN KEY (`BookStorageID`) REFERENCES `bookstorage` (`BookStorageID`),
  ADD CONSTRAINT `Info1_fk3` FOREIGN KEY (`FacultyID`) REFERENCES `faculty` (`FacultyID`);
COMMIT;

/*!40101 SET CHARACTER_SET_CLIENT=@OLD_CHARACTER_SET_CLIENT */;
/*!40101 SET CHARACTER_SET_RESULTS=@OLD_CHARACTER_SET_RESULTS */;
/*!40101 SET COLLATION_CONNECTION=@OLD_COLLATION_CONNECTION */;
